{"head": [159.95257675511684, 159.95257675511684, 112.0, 112.0], "left": [240.18477509707057, 240.18477509707057, 112.0, 112.0], "right": [240.18477509707057, 240.18477509707057, 112.0, 112.0]}